First_Name,Middle_Name,Last_Name,Address,City,State,Zip,Locaion_ID
Weldon,H,Acuff,73 W Barstow Ave,Arlington Heights,IL,60004,1
Tasia,L,Andreason,4 Cowesett Ave,Kearny,NJ,7032,2
Ahmed,O,Angalich,2 W Beverly Blvd,Harrisburg,PA,17110,3
Thaddeus,T,Ankeny,5 Washington St #1,Roseville,CA,95678,4
Tegan,R,Arceo,62260 Park Stre,Monroe Township,NJ,8831,5
Loren,S,Asar,6 Ridgewood Center Dr,Old Forge,PA,18518,6
Lynelle,M,Auber,32820 Corkwood Rd,Newark,NJ,7104,7
Jaclyn,J,Bachman,721 Interstate 45 S,Colorado Springs,CO,80919,8
Louvenia,H,Beech,598 43rd St,Beverly Hills,CA,90210,9
Kristofer,H,Bennick,772 W River Dr,Bloomington,IN,47404,10
Vilma,M,Berlanga,79 S Howell Ave,Grand Rapids,MI,49546,11
Glenn,K,Berray,29 Cherry St #7073,Des Moines,IA,50315,12
Jani,T,Biddy,61556 W 20th Ave,Seattle,WA,98104,13
Quentin,I,Birkner,7061 N 2nd St,Burnsville,MN,55337,14
Flo,T,Bookamer,89992 E 15th St,Alliance,NE,69301,15
Keneth,N,Borgman,86350 Roszel Rd,Phoenix,AZ,85012,16
Carlee,T,Boulter,8284 Hart St,Abilene,KS,67410,17
Sharen,R,Bourbon,62 W Austin St,Syosset,NY,11791,18
Joni,R,Breland,35 E Main St #43,Elk Grove Village,IL,60007,19
Rodolfo,J,Butzen,41 Steel Ct,Northfield,MN,55057,20
Galen,K,Cantres,617 Nw 36th Ave,Brook Park,OH,44142,21
Annmarie,P,Castros,80312 W 32nd St,Conroe,TX,77301,22
Jess,R,Chaffins,18 3rd Ave,New York,NY,10016,23
Roslyn,R,Chavous,63517 Dupont St,Jackson,MS,39211,24
Dorothy,S,Chesterfield,469 Outwater Ln,San Diego,CA,92126,25
Jeanice,P,Claucherty,19 Amboy Ave,Miami,FL,33142,26
Cecilia,Q,Colaizzo,4 Nw 12th St #3849,Madison,WI,53717,27
Zona,J,Colla,49440 Dearborn St,Norwalk,CT,6854,28
Daniela,Q,Comnick,7 Flowers Rd #403,Trenton,NJ,8611,29
Cyril,J,Daufeldt,3 Lawton St,New York,NY,10013,30
Mona,S,Delasancha,38773 Gravois Ave,Cheyenne,WY,82001,31
Diane,R,Devreese,1953 Telegraph Rd,Saint Joseph,MO,64504,32
Izetta,R,Dewar,2 W Scyene Rd #3,Baltimore,MD,21217,33
Lonna,Q,Diestel,1482 College Ave,Fayetteville,NC,28301,34
Xochitl,I,Discipio,3158 Runamuck Pl,Round Rock,TX,78664,35
Wynell,I,Dorshorst,94290 S Buchanan St,Pacifica,CA,94044,36
Jennie,J,Drymon,63728 Poway Rd #1,Scranton,PA,18509,37
Pete,I,Dubaldi,2215 Prosperity Dr,Lyndhurst,NJ,7071,38
Sharika,Q,Eanes,75698 N Fiesta Blvd,Orlando,FL,32806,39
Kristel,I,Ehmann,92899 Kalakaua Ave,El Paso,TX,79925,40
Arthur,M,Farrow,28 S 7th St #2824,Englewood,NJ,7631,41
Truman,K,Feichtner,539 Coldwater Canyon Ave,Bloomfield,NJ,7003,42
Mireya,L,Frerking,8429 Miller Rd,Pelham,NY,10803,43
Izetta,J,Funnell,82 Winsor St #54,Atlanta,GA,30340,44
Janey,S,Gabisi,40 Cambridge Ave,Madison,WI,53715,45
Britt,P,Galam,2500 Pringle Rd Se #508,Hatfield,PA,19440,46
Brittni,T,Gillaspie,67 Rv Cent,Boise,ID,83709,47
Catarina,N,Gleich,78 Maryland Dr #146,Denville,NJ,7834,48
Shonda,P,Greenbush,82 Us Highway 46,Clifton,NJ,7011,49
Kenneth,Q,Grenet,2167 Sierra Rd,East Lansing,MI,48823,50
Elouise,I,Gwalthney,9506 Edgemore Ave,Bladensburg,MD,20710,51
Lai,T,Harabedian,1933 Packer Ave #2,Novato,CA,94945,52
Ryan,R,Harnos,13 Gunnison St,Plano,TX,75075,53
Clorinda,O,Heimann,105 Richmond Valley Rd,Escondido,CA,92025,54
Samira,H,Heintzman,8772 Old County Rd #5410,Kent,WA,98032,55
Alesia,T,Hixenbaugh,9 Front St,Washington,DC,20001,56
Ettie,M,Hoopengardner,39 Franklin Ave,Richland,WA,99352,57
Mitzie,M,Hudnall,17 Jersey Ave,Englewood,CO,80110,58
Selma,O,Husser,9 State Highway 57 #22,Jersey City,NJ,7306,59
Refugia,S,Jacobos,2184 Worth St,Hayward,CA,94545,60
Eden,M,Jayson,4 Iwaena St,Baltimore,MD,21202,61
Alline,Q,Jeanty,55713 Lake City Hwy,South Bend,IN,46601,62
Luisa,O,Jurney,25 Se 176th Pl,Cambridge,MA,2138,63
Nickolas,R,Juvera,177 S Rider Trl #52,Crystal River,FL,34429,64
Raylene,T,Kampa,2 Sw Nyberg Rd,Elkhart,IN,46514,65
Golda,N,Kaniecki,6201 S Nevada Ave,Toms River,NJ,8755,66
Regenia,J,Kannady,10759 Main St,Scottsdale,AZ,85260,67
Colette,R,Kardas,21575 S Apple Creek Rd,Omaha,NE,68124,68
Ruthann,R,Keener,3424 29th St Se,Kerrville,TX,78028,69
Dean,L,Ketelsen,2 Flynn Rd,Hicksville,NY,11801,70
Virgie,N,Kiel,76598 Rd  I 95 #1,Denver,CO,80216,71
Gail,K,Kitty,735 Crawford Dr,Anchorage,AK,99501,72
Lashandra,K,Klang,810 N La Brea Ave,King of Prussia,PA,19406,73
Lizbeth,K,Kohl,35433 Blake St #588,Gardena,CA,90248,74
Nan,Q,Koppinger,88827 Frankford Ave,Greensboro,NC,27401,75
Cecil,P,Lapage,4 Stovall St #72,Union City,NJ,7087,76
Joanna,O,Leinenbach,1 Washington St,Lake Worth,FL,33461,77
Maile,I,Linahan,9 Plainsboro Rd #598,Greensboro,NC,27409,78
Adell,P,Lipkin,65 Mountain View Dr,Whippany,NJ,7981,79
Gilma,S,Liukko,16452 Greenwich St,Garden City,NY,11530,80
Lawrence,T,Lorens,9 Hwy,Providence,RI,2906,81
Sheron,J,Louissant,97 E 3rd St #9,Long Island City,NY,11101,82
Mari,N,Lueckenbach,1 Century Park E,San Diego,CA,92110,83
Markus,J,Lukasik,89 20th St E #779,Sterling Heights,MI,48310,84
Sharee,L,Maile,2094 Montour Blvd,Muskegon,MI,49442,85
Venita,I,Maillard,72119 S Walker Ave #63,Anaheim,CA,92801,86
Brett,L,Mccullan,87895 Concord Rd,La Mesa,CA,91942,87
Mollie,L,Mcdoniel,8590 Lake Lizzie Dr,Bowling Green,OH,43402,88
Elli,Q,Mclaird,6 Sunrise Ave,Utica,NY,13501,89
Nu,Q,Mcnease,88 Sw 28th Ter,Harrison,NJ,7029,90
Trinidad,N,Mcrae,10276 Brooks St,San Francisco,CA,94105,91
Margart,H,Meisel,868 State St #38,Cincinnati,OH,45251,92
Nichelle,M,Meteer,72 Beechwood Ter,Chicago,IL,60657,93
Billye,M,Miro,36 Lancaster Dr Se,Pearl,MS,39208,94
Chauncey,T,Motley,63 E Aurora Dr,Orlando,FL,32804,95
Levi,L,Munis,2094 Ne 36th Ave,Worcester,MA,1603,96
Stephane,O,Myricks,9 Tower Ave,Burlington,KY,41005,97
Rikki,N,Nayar,1644 Clove Rd,Miami,FL,33155,98
Lenna,L,Newville,987 Main St,Raleigh,NC,27601,99
Erick,J,Nievas,45 E Acacia Ct,Chicago,IL,60624,100
Gary,R,Nunlee,2 W Mount Royal Ave,Fortville,IN,46040,101
Iluminada,O,Ohms,72 Southern Blvd,Mesa,AZ,85204,102
Jovita,T,Oles,8 S Haven St,Daytona Beach,FL,32114,103
Antione,O,Onofrio,4 S Washington Ave,San Bernardino,CA,92410,104
Jolene,N,Ostolaza,1610 14th St Nw,Newport News,VA,23608,105
Linn,I,Paa,1 S Pine St,Memphis,TN,38112,106
Laurel,L,Pagliuca,36 Enterprise St Se,Richland,WA,99352,107
Alpha,S,Palaia,43496 Commercial Dr #29,Cherry Hill,NJ,8003,108
Lili,S,Paskin,20113 4th Ave E,Kearny,NJ,7032,109
Denise,H,Patak,2139 Santa Rosa Ave,Orlando,FL,32801,110
Teddy,L,Pedrozo,46314 Route 130,Bridgeport,CT,6610,111
Daniel,P,Perruzza,11360 S Halsted St,Santa Ana,CA,92705,112
Krissy,I,Rauser,8728 S Broad St,Coram,NY,11727,113
Vi,R,Rentfro,7163 W Clark Rd,Freehold,NJ,7728,114
Janine,M,Rhoden,92 Broadway,Astoria,NY,11103,115
Bernardine,M,Rodefer,2 W Grand Ave,Memphis,TN,38112,116
Jacqueline,P,Rowling,1 N San Saba,Erie,PA,16501,117
Sylvie,L,Ryser,649 Tulane Ave,Tulsa,OK,74105,118
Paz,J,Sahagun,919 Wall Blvd,Meridian,MS,39307,119
Cristal,Q,Samara,4119 Metropolitan Dr,Los Angeles,CA,90021,120
Hoa,N,Sarao,27846 Lafayette Ave,Oak Hill,FL,32759,121
Rasheeda,R,Sayaphon,251 Park Ave #979,Saratoga,CA,95070,122
Glory,R,Schieler,5 E Truman Rd,Abilene,TX,79602,123
Staci,M,Schmaltz,18 Coronado Ave #563,Pasadena,CA,91106,124
Gayla,J,Schnitzler,38 Pleasant Hill Rd,Hayward,CA,94545,125
Dalene,K,Schoeneck,910 Rahway Ave,Philadelphia,PA,19102,126
Mitsue,K,Scipione,77 222 Dr,Oroville,CA,95965,127
Kasandra,I,Semidey,369 Latham St #500,Saint Louis,MO,63102,128
Elke,N,Sengbusch,9 W Central Ave,Phoenix,AZ,85013,129
Shalon,H,Shadrick,61047 Mayfield Ave,Brooklyn,NY,11223,130
Gail,S,Similton,62 Monroe St,Thousand Palms,CA,92276,131
Glenna,M,Slayton,2759 Livingston Ave,Memphis,TN,38118,132
Cordelia,L,Storment,393 Hammond Dr,Lafayette,LA,70506,133
Caprice,O,Suell,90177 N 55th Ave,Nashville,TN,37211,134
Quentin,P,Swayze,278 Bayview Ave,Milan,MI,48160,135
Annelle,L,Tagala,5 W 7th St,Parkville,MD,21234,136
Leslie,Q,Threets,2 A Kelley Dr,Katonah,NY,10536,137
Catalina,S,Tillotson,3338 A Lockport Pl #6,Margate City,NJ,8402,138
Merissa,N,Tomblin,34 Raritan Center Pky,Bellflower,CA,90706,139
Malcolm,R,Tromblay,747 Leonis Blvd,Annandale,VA,22003,140
Ciara,K,Ventura,53 W Carey St,Port Jervis,NY,12771,141
Josphine,P,Villanueva,63 Smith Ln #8343,Moss,TN,38575,142
Hubert,L,Walthall,95 Main Ave #2,Barberton,OH,44203,143
Lonny,Q,Weglarz,51120 State Route 18,Salt Lake City,UT,84115,144
Dick,O,Wenzinger,22 Spruce St #595,Gardena,CA,90248,145
Paris,I,Wide,187 Market St,Atlanta,GA,30342,146
Cassi,P,Wildfong,26849 Jefferson Hwy,Rolling Meadows,IL,60008,147
Gertude,K,Witten,7 Tarrytown Rd,Cincinnati,OH,45217,148
Audry,H,Yaw,70295 Pioneer Ct,Brandon,FL,33511,149
Shawnda,S,Yori,50126 N Plankinton Ave,Longwood,FL,32750,150
Serina,J,Zagen,7 S Beverly Dr,Fort Wayne,IN,46802,151
Vincenza,I,Zepp,395 S 6th St #2,El Cajon,CA,92020,152
