first_name,middle_name,last_name,address,city,state,zip
Johnetta,B,Abdallah,1088 Pinehurst St,Chapel Hill,NC,27514
Geoffrey,G,Acey,7 West Ave #1,Palatine,IL,60067
Barbra,I,Adkin,4 Kohler Memorial Dr,Brooklyn,NY,11230
Fausto,E,Agramonte,5 Harrison Rd,New York,NY,10038
Delmy,B,Ahle,65895 S 16th St,Providence,RI,2909
Cammy,A,Albares,56 E Morehead St,Laredo,TX,78045
Minna,A,Amigon,2371 Jerrold Ave,Kulpsville,PA,19443
Jutta,I,Amyot,49 N Mays St,Broussard,LA,70518
Judy,H,Aquas,8977 Connecticut Ave Nw #3,Niles,MI,49120
Rhea,G,Aredondo,25657 Live Oak St,Brooklyn,NY,11226
Alyce,G,Arias,3196 S Rider Trl,Stockton,CA,95207
Ressie,F,Auffrey,23 Palo Alto Sq,Miami,FL,33134
Aliza,E,Baltimore,1128 Delaware St,San Jose,CA,95132
Stephaine,B,Barfield,47154 Whipple Ave Nw,Gardena,CA,90247
Glen,E,Bartolet,8739 Hudson St,Vashon,WA,98070
Carissa,C,Batman,12270 Caton Center Dr,Eugene,OR,97401
Merilyn,D,Bayless,195 13n N,Santa Clara,CA,95054
Elvera,B,Benimadho,99385 Charity St #840,San Jose,CA,95110
Heike,G,Berganza,3 Railway Ave #75,Little Falls,NJ,7424
Alaine,F,Bergesen,7667 S Hulen St #42,Yonkers,NY,10701
Rima,F,Bevelacqua,2972 Lafayette Ave,Gardena,CA,90248
Mariann,I,Bilden,3125 Packer Ave #9851,Austin,TX,78753
Viola,E,Bitsuie,70 Mechanic St,Northridge,CA,91325
Kallie,B,Blackwood,701 S Harrison Rd,San Francisco,CA,94104
Frederica,E,Blunk,99586 Main St,Dallas,TX,75207
Brock,A,Bolognia,4486 W O St #1,New York,NY,10003
Annabelle,C,Boord,523 Marquette Ave,Concord,MA,1742
Emerson,A,Bowley,762 S Main St,Madison,WI,53711
Raina,H,Brachle,3829 Ventura Blvd,Butte,MT,59701
Jina,A,Briddick,38938 Park Blvd,Boston,MA,2128
Junita,D,Brideau,6 S Broadway St,Cedar Grove,NJ,7009
Nicolette,F,Brossart,1 Midway Rd,Westborough,MA,1581
Winfred,I,Brucato,201 Ridgewood Rd,Moscow,ID,83843
Danica,B,Bruschke,840 15th Ave,Waco,TX,76708
Alecia,G,Bubash,6535 Joyce St,Wichita Falls,TX,76301
Alease,C,Buemi,4 Webbs Chapel Rd,Boulder,CO,80303
Lauran,F,Burnard,66697 Park Pl #3224,Riverton,WY,82501
James,A,Butt,6649 N Blue Gum St,New Orleans,LA,70116
Tawna,B,Buvens,3305 Nabell Ave #679,New York,NY,10009
France,I,Buzick,64 Newman Springs Rd E,Brooklyn,NY,11219
Ronny,E,Caiafa,73 Southern Blvd,Philadelphia,PA,19103
Kiley,A,Caldarera,25 E 75th St #69,Los Angeles,CA,90034
Brandon,C,Callaro,7 Benton Dr,Honolulu,HI,96819
Raymon,G,Calvaresi,6538 E Pomona St #60,Indianapolis,IN,46222
Roxane,A,Campain,1048 Main St,Fairbanks,AK,99708
Sarah,H,Candlish,45 2nd Ave #9759,Atlanta,GA,30328
Erinn,H,Canlas,13 S Hacienda Dr,Livingston,NJ,7039
Scarlet,C,Cartan,9390 S Howell Ave,Albany,GA,31701
Chanel,A,Caudy,86 Nw 66th St #8673,Shawnee,KS,66218
Lisha,B,Centini,64 5th Ave #1153,Mc Lean,VA,22102
Angella,C,Cetta,185 Blackstone Bldge,Honolulu,HI,96817
Devorah,B,Chickering,31 Douglas Blvd #950,Clovis,NM,88101
Ezekiel,A,Chui,2 Cedar Ave #84,Easton,MD,21601
Buddy,G,Cloney,944 Gaither Dr,Strongsville,OH,44136
Eun,C,Coody,84 Bloomfield Ave,Spartanburg,SC,29301
Carmela,D,Cookey,9 Murfreesboro Rd,Chicago,IL,60623
Candida,D,Corbley,406 Main St,Somerville,NJ,8876
Rosio,C,Cork,4 10th St W,High Point,NC,27263
Beatriz,C,Corrington,481 W Lemon St,Middleboro,MA,2346
Ammie,A,Corrio,74874 Atlantic Ave,Columbus,OH,43215
Sylvia,C,Cousey,287 Youngstown Warren Rd,Hampstead,MD,21074
Detra,G,Coyier,96950 Hidden Ln,Aberdeen,MD,21001
Lezlie,C,Craghead,749 W 18th St #45,Smithfield,NC,27577
Louisa,C,Cronauer,524 Louisiana Ave Nw,San Leandro,CA,94577
Delisa,B,Crupi,47565 W Grand Ave,Newark,NJ,7105
Joseph,G,Cryer,60 Fillmore Ave,Huntington Beach,CA,92647
Jerry,I,Dallen,393 Lafayette Ave,Richmond,VA,23219
Josephine,A,Darakjy,4 B Blue Ridge Blvd,Brighton,MI,48116
Joesph,C,Degonia,2887 Knowlton St #5435,Berkeley,CA,94710
Novella,C,Degroot,303 N Radcliffe St,Hilo,HI,96720
Carin,C,Deleo,1844 Southern Blvd,Little Rock,AR,72202
Herman,C,Demesa,9 Norristown Rd,Troy,NY,12180
Haydee,G,Denooyer,25346 New Rd,New York,NY,10016
Derick,I,Dhamer,87163 N Main Ave,New York,NY,10013
Dominque,B,Dickerson,69 Marquette Ave,Hayward,CA,94545
Lindsey,C,Dilello,52777 Leaders Heights Rd,Ontario,CA,91761
Leota,A,Dilliard,7 W Jackson Blvd,San Jose,CA,95111
Daron,F,Dinos,18 Waterloo Geneva Rd,Highland Park,IL,60035
Carey,G,Dopico,87393 E Highland Rd,Indianapolis,IN,46220
Kimberlie,G,Duenas,8100 Jacksonville Rd #7,Hays,KS,67601
Franklyn,E,Emard,4379 Highway 116,Philadelphia,PA,19103
Stephen,B,Emigh,3777 E Richmond St #900,Akron,OH,44302
Johnna,G,Engelberg,5 S Colorado Blvd #449,Bothell,WA,98021
Teri,D,Ennaco,99 Tank Farm Rd,Hazleton,PA,18201
Ilene,B,Eroman,2853 S Central Expy,Glen Burnie,MD,21061
Christiane,H,Eschberger,96541 W Central Blvd,Phoenix,AZ,85034
Roselle,I,Estell,8116 Mount Vernon Ave,Bucyrus,OH,44820
Jennifer,C,Fallick,44 58th St,Wheeling,IL,60090
Jade,G,Farrar,6882 Torresdale Ave,Columbia,SC,29201
Twana,C,Felger,1 Commerce Way,Portland,OR,97224
Erick,A,Ferencz,20 S Babcock St,Fairbanks,AK,99712
Natalie,B,Fern,7140 University Ave,Rock Springs,WY,82901
Justine,I,Ferrario,48 Stratford Ave,Pomona,CA,91768
Bernardo,A,Figeroa,386 9th Ave N,Conroe,TX,77301
Skye,G,Fillingim,25 Minters Chapel Rd #9,Minneapolis,MN,55401
Yoko,F,Fishburne,9122 Carpenter Ave,New Haven,CT,6511
Jesusita,I,Flister,3943 N Highland Ave,Lancaster,PA,17601
Fletcher,A,Flosi,394 Manchester Blvd,Rockford,IL,61109
Donette,A,Foller,34 Center St,Hamilton,OH,45011
Pamella,G,Fortino,669 Packerland Dr #1438,Denver,CO,80212
Rolland,C,Francescon,2726 Charcot Ave,Paterson,NJ,7501
Tiera,F,Frankel,87 Sierra Rd,El Monte,CA,91731
Helga,E,Fredicks,42754 S Ash Ave,Buffalo,NY,14228
Theola,C,Frey,54169 N Main St,Massapequa,NY,11758
An,G,Fritz,506 S Hacienda Dr,Atlantic City,NJ,8401
Meaghan,A,Garufi,69734 E Carrillo St,Mc Minnville,TN,37110
Lai,B,Gato,37 Alabama Ave,Evanston,IL,60201
Aja,I,Gehrett,993 Washington Ave,Nutley,NJ,7110
Gearldine,C,Gellinger,4 Bloomfield Ave,Irving,TX,75061
Rebecka,E,Gesick,2026 N Plankinton Ave #3,Austin,TX,78754
Cory,B,Gibes,83649 W Belmont Ave,San Gabriel,CA,91776
Wilda,B,Giguere,1747 Calle Amanecer #2,Anchorage,AK,99501
Valentine,A,Gillian,775 W 17th St,San Antonio,TX,78204
Albina,A,Glick,4 Ralph Ct,Dunellen,NJ,8812
Leonida,F,Gobern,5 Elmwood Park Blvd,Biloxi,MS,39530
Freeman,E,Gochal,383 Gunderman Rd #197,Coatesville,PA,19320
Cyndy,C,Goldammer,170 Wyoming Ave,Burnsville,MN,55337
Casie,H,Good,5221 Bear Valley Rd,Nashville,TN,37211
Nieves,C,Gotter,4940 Pulaski Park Dr,Portland,OR,97202
Larae,C,Gudroe,6651 Municipal Rd,Houma,LA,70360
Leatha,C,Hagele,627 Walford Ave,Dallas,TX,75227
Nobuko,I,Halsey,8139 I Hwy 10 #92,New Bedford,MA,2745
Helaine,I,Halter,8 Sheridan Rd,Jersey City,NJ,7304
Charlene,G,Hamilton,985 E 6th Ave,Santa Rosa,CA,95407
Jolanda,E,Hanafan,37855 Nolan Rd,Bangor,ME,4401
Cheryl,C,Haroldson,92 Main St,Atlantic City,NJ,8401
Fabiola,H,Hauenstein,8573 Lincoln Blvd,York,PA,17404
Harrison,G,Haufler,759 Eldora St,New Haven,CT,6515
Dottie,G,Hellickson,67 E Chestnut Hill Rd,Seattle,WA,98133
Lavonda,H,Hengel,87 Imperial Ct #79,Fargo,ND,58102
Kirk,I,Herritt,88 15th Ave Ne,Vestal,NY,13850
Marguerita,D,Hiatt,82 N Highway 67,Oakley,CA,94561
Dorthy,C,Hidvegi,9635 S Main St,Boise,ID,83704
Felix,H,Hirpara,7563 Cornwall Rd #4462,Denver,PA,17517
Clay,C,Hoa,73 Saint Ann St #86,Reno,NV,89502
Malinda,B,Hochard,55 Riverside Ave,Indianapolis,IN,46202
Roosevelt,I,Hoffis,60 Old Dover Rd,Hialeah,FL,33014
Cecily,B,Hollack,59 N Groesbeck Hwy,Austin,TX,78731
Arlette,B,Honeywell,11279 Loytan St,Jacksonville,FL,32254
Tamar,B,Hoogland,2737 Pistorio Rd #9230,London,OH,43140
Deandrea,G,Hughey,33 Lewis Rd #46,Burlington,NC,27215
Veronika,A,Inouye,6 Greenleaf Ave,San Jose,CA,95111
Bok,C,Isaacs,6 Gilson St,Bronx,NY,10468
Lettie,B,Isenhower,70 W Main St,Beachwood,OH,44122
Allene,A,Iturbide,1 Central Ave,Stevens Point,WI,54481
Fernanda,C,Jillson,60480 Old Us Highway 51,Preston,MD,21655
Deeanna,B,Juhas,14302 Pennsylvania Ave,Huntingdon Valley,PA,19006
Caitlin,I,Julia,5 Williams St,Johnston,RI,2919
Noah,H,Kalafatis,1950 5th Ave,Milwaukee,WI,53209
Salena,F,Karpel,1 Garfield Ave #7,Canton,OH,44707
Karan,D,Karpin,3 Elmwood Dr,Beaverton,OR,97005
Garry,G,Keetch,5 Green Pond Rd #4,Southampton,PA,18966
Kate,I,Keneipp,33 N Michigan Ave,Green Bay,WI,54301
Donte,C,Kines,3 Aspen St,Worcester,MA,1602
Deonna,G,Kippley,57 Haven Ave #90,Southfield,MI,48075
Chau,C,Kitzman,429 Tiger Ln,Beverly Hills,CA,90212
Valentin,C,Klimek,137 Pioneer Way,Chicago,IL,60604
Karl,A,Klonowski,76 Brooks St #9,Flemington,NJ,8822
Arlene,C,Klusman,3 Secor Rd,New Orleans,LA,70112
Melodie,D,Knipp,326 E Main St #6496,Thousand Oaks,CA,91362
Audra,C,Kohnert,134 Lewis Rd,Nashville,TN,37211
Willard,A,Kolmetz,618 W Yakima Ave,Irving,TX,75062
Willodean,E,Konopacki,55 Hawthorne Blvd,Lafayette,LA,70506
Celeste,C,Korando,7 W Pinhook Rd,Lynbrook,NY,11563
Sue,C,Kownacki,2 Se 3rd Ave,Mesquite,TX,75149
Glory,C,Kulzer,55892 Jacksonville Rd,Owings Mills,MD,21117
Willow,A,Kusko,90991 Thorburn Ave,New York,NY,10011
Dulce,I,Labreche,9581 E Arapahoe Rd,Rochester,MI,48307
Kayleigh,H,Lace,43 Huey P Long Ave,Lafayette,LA,70508
Salome,G,Lacovara,9677 Commerce Dr,Richmond,VA,23219
Lucina,C,Lary,8597 W National Ave,Cocoa,FL,32922
Lemuel,D,Latzke,70 Euclid Ave #722,Bohemia,NY,11716
Merlyn,D,Lawler,4671 Alemany Blvd,Jersey City,NJ,7304
Ma,G,Layous,78112 Morris Ave,North Haven,CT,6473
Reita,C,Leto,55262 N French Rd,Indianapolis,IN,46240
Cherry,H,Lietz,40 9th Ave Sw #91,Waterford,MI,48329
Marge,E,Limmel,189 Village Park Rd,Crestview,FL,32536
Carmelina,B,Lindall,2664 Lewis Rd,Littleton,CO,80126
Elza,B,Lipke,6794 Lake Dr E,Newark,NJ,7104
Lashaunda,I,Lizama,3387 Ryan Dr,Hanover,MD,21076
Alex,F,Loader,37 N Elm St #916,Tacoma,WA,98409
Corinne,I,Loder,4 Carroll St,North Attleboro,MA,2760
Cristy,F,Lother,3989 Portage Tr,Escondido,CA,92025
Yolando,C,Luczki,422 E 21st St,Syracuse,NY,13214
Fannie,C,Lungren,17 Us Highway 111,Round Rock,TX,78664
Abel,A,Maclead,37275 St  Rt 17m M,Middle Island,NY,11953
Kimbery,C,Madarang,798 Lund Farm Way,Rockaway,NJ,7866
Earleen,F,Mai,75684 S Withlapopka Dr #32,Dallas,TX,75227
Reena,H,Maisto,9648 S Main,Salisbury,MD,21801
Blair,A,Malet,209 Decker Dr,Philadelphia,PA,19132
Mirta,H,Mallett,7 S San Marcos Rd,New York,NY,10004
Chaya,F,Malvin,560 Civic Center Dr,Ann Arbor,MI,48103
Thurman,C,Manno,9387 Charcot Ave,Absecon,NJ,8201
Kris,A,Marrier,228 Runamuck Pl #2808,Baltimore,MD,21224
Lorean,I,Martabano,85092 Southern Blvd,San Antonio,TX,78204
Marjory,A,Mastella,71 San Mateo Ave,Wayne,PA,19087
Olive,H,Matuszak,13252 Lighthouse Ave,Cathedral City,CA,92234
Leonora,I,Mauson,3381 E 40th Ave,Passaic,NJ,7055
Marti,C,Maybury,4 Warehouse Point Rd #7,Chicago,IL,60638
Chantell,C,Maynerich,2023 Greg St,Saint Paul,MN,55101
Jettie,D,Mconnell,50 E Wacker Dr,Bridgewater,NJ,8807
Vincent,F,Meinerding,4441 Point Term Mkt,Philadelphia,PA,19143
Gracia,E,Melnyk,97 Airport Loop Dr,Jacksonville,FL,32216
Oretha,C,Menter,8 County Center Dr #647,Boston,MA,2210
Laticia,C,Merced,72 Mannix Dr,Cincinnati,OH,45203
Edna,C,Miceli,555 Main St,Erie,PA,16502
Becky,C,Mirafuentes,30553 Washington Rd,Plainfield,NJ,7062
Tracey,F,Modzelewski,77132 Coon Rapids Blvd Nw,Conroe,TX,77301
Amber,B,Monarrez,14288 Foster Ave #4121,Jenkintown,PA,19046
Vallie,B,Mondella,74 W College St,Boise,ID,83707
Renea,H,Monterrubio,26 Montgomery St,Atlanta,GA,30328
Georgene,D,Montezuma,98 University Dr,San Ramon,CA,94583
Simona,A,Morasca,3 Mcauley Dr,Ashland,OH,44805
Elly,B,Morocco,7 W 32nd St,Erie,PA,16502
Taryn,F,Moyd,48 Lenox St,Fairfax,VA,22030
Justine,F,Mugnolo,38062 E Main St,New York,NY,10048
Timothy,B,Mulqueen,44 W 4th St,Staten Island,NY,10309
Myra,B,Munns,461 Prospect Pl #316,Euless,TX,76040
Adelina,I,Nabours,80 Pittsford Victor Rd #9,Cleveland,OH,44103
Tarra,I,Nachor,39 Moccasin Dr,San Francisco,CA,94104
Matthew,G,Neither,636 Commerce Dr #42,Shakopee,MN,55379
Lorrie,A,Nestle,39 S 7th St,Tullahoma,TN,37388
Bette,A,Nicka,6 S 33rd St,Aston,PA,19014
Herminia,H,Nicolozakes,4 58th St #3519,Scottsdale,AZ,85254
Kaitlyn,I,Ogg,2 S Biscayne Blvd,Baltimore,MD,21230
Dyan,A,Oldroyd,7219 Woodfield Rd,Overland Park,KS,66204
Rozella,A,Ostrosky,17 Morena Blvd,Camarillo,CA,93012
Bulah,C,Padilla,8927 Vandever Ave,Waco,TX,76707
Shawna,C,Palaspas,5 N Cleveland Massillon Rd,Thousand Oaks,CA,91362
Rory,C,Papasergi,83 County Road 437 #8581,Clarks Summit,PA,18411
Lenna,A,Paprocki,639 Main St,Anchorage,AK,99501
Moon,B,Parlato,74989 Brandon St,Wellsville,NY,14895
Arminda,C,Parvis,1 Huntwood Ave,Phoenix,AZ,85017
Howard,C,Paulas,866 34th Ave,Denver,CO,80231
Gregoria,C,Pawlowicz,455 N Main Ave,Garden City,NY,11530
Mozell,E,Pelkowski,577 Parade St,South San Francisco,CA,94080
Devora,C,Perez,72868 Blackington Ave,Oakland,CA,94606
Amie,H,Perigo,596 Santa Maria Ave #7913,Mesquite,TX,75150
Lavera,A,Perin,678 3rd Ave,Miami,FL,33196
Ashlyn,E,Pinilla,703 Beville Rd,Opa Locka,FL,33054
Rickie,F,Plumer,3 N Groesbeck Hwy,Toledo,OH,43613
Katina,F,Polidori,5 Little River Tpke,Wilmington,MA,1887
Cathrine,H,Pontoriero,812 S Haven St,Amarillo,TX,79109
Mattie,A,Poquette,73 State Road 434 E,Phoenix,AZ,85013
Felicidad,E,Poullion,9939 N 14th St,Riverton,NJ,8077
Blondell,B,Pugh,201 Hawk Ct,Providence,RI,2904
Evangelina,C,Radde,992 Civic Center Dr,Philadelphia,PA,19123
Leota,I,Ragel,99 5th Ave #33,Trion,GA,30753
My,F,Rantanen,8 Mcarthur Ln,Richboro,PA,18954
Marvel,F,Raymo,9 Vanowen St,College Station,TX,77840
Jenelle,H,Regusters,3211 E Northeast Loop,Tampa,FL,33619
Ligia,H,Reiber,206 Main St #2804,Lansing,MI,48933
Laurel,B,Reitler,6 Kains Ave,Baltimore,MD,21215
Theodora,G,Restrepo,42744 Hamann Industrial Pky #82,Miami,FL,33136
Bobbye,B,Rhym,30 W 80th St #1995,San Carlos,CA,94070
Micaela,B,Rhymes,20932 Hedley St,Concord,CA,94520
Dalene,G,Riden,66552 Malone Rd,Plaistow,NH,3865
Gladys,A,Rim,322 New Horizon Blvd,Eau Claire,WI,53207
Talia,C,Riopelle,1 N Harlem Ave #9,Orange,NJ,7050
Xuan,C,Rochin,2 Monroe St,San Mateo,CA,94403
Terrilyn,G,Rodeigues,3718 S Main St,New Orleans,LA,70130
Helene,I,Rodenberger,347 Chestnut St,Peoria,AZ,85381
Maryann,A,Royster,74 S Westgate St,Albany,NY,12204
Kati,A,Rulapaugh,6980 Dorsett Rd,Abilene,KS,67410
Graciela,A,Ruta,98 Connecticut Ave Nw,Chagrin Falls,OH,44023
Benedict,G,Sama,4923 Carey Ave,Saint Louis,MO,63104
Estrella,C,Samu,64 Lakeview Ave,Eau Claire,WI,53511
Sherita,I,Saras,8 Us Highway 22,Colorado Springs,CO,80937
Glendora,F,Sarbacher,2140 Diamond Blvd,Rohnert Park,CA,94928
Eladia,F,Saulter,3958 S Dupont Hwy #7,Ramsey,NJ,7446
Nelida,D,Sawchuk,3 State Route 35 S,Paramus,NJ,7652
Fatima,A,Saylors,2 Lighthouse Ave,Hopkins,MN,55343
Youlanda,A,Schemmer,2881 Lewis Rd,Prineville,OR,97754
Andra,D,Scheyer,9 Church St,Salem,OR,97302
Goldie,H,Schirpke,34 Saint George Ave #2,Bangor,ME,4401
Pamella,C,Schmierer,5161 Dorsett Rd,Homestead,FL,33030
Lilli,H,Scriven,33 State St,Abilene,TX,79601
Shenika,B,Seewald,4 Otis St,Van Nuys,CA,91405
Alishia,A,Sergi,2742 Distribution Way,New York,NY,10025
Ceola,F,Setter,96263 Greenwood Pl,Warren,ME,4864
Ozell,C,Shealy,8 Industry Ln,New York,NY,10002
Tyra,B,Shields,3 Fort Worth Ave,Philadelphia,PA,19106
Jesusa,C,Shin,2239 Shawnee Mission Pky,Tullahoma,TN,37388
Solange,A,Shinko,426 Wolf St,Metairie,LA,70002
Van,C,Shire,90131 J St,Pittstown,NJ,8867
Beckie,E,Silvestrini,7116 Western Ave,Dearborn,MI,48126
Hillary,D,Skulski,9 Wales Rd Ne #914,Homosassa,FL,34448
Benton,D,Skursky,47939 Porter Ave,Gardena,CA,90248
Alisha,A,Slusarski,3273 State St,Middlesex,NJ,8846
Ty,C,Smith,4646 Kaahumanu St,Hackensack,NJ,7601
Rolande,C,Spickerman,65 W Maple Ave,Pearl City,HI,96782
Layla,C,Springe,229 N Forty Driv,New York,NY,10011
Martina,G,Staback,7 W Wabansia Ave #227,Orlando,FL,32822
Tiffiny,C,Steffensmeier,32860 Sierra Rd,Miami,FL,33133
Avery,F,Steier,93 Redmond Rd #492,Orlando,FL,32803
Lizette,C,Stem,501 N 19th Ave,Cherry Hill,NJ,8002
Ernie,A,Stenseth,45 E Liberty St,Ridgefield Park,NJ,7660
Portia,G,Stimmel,3732 Sherman Ave,Bridgewater,NJ,8807
Jose,A,Stockham,128 Bransten Rd,New York,NY,10011
Junita,H,Stoltzman,94 W Dodge Rd,Carson City,NV,89701
Belen,E,Strassner,5384 Southwyck Blvd,Douglasville,GA,30135
Lashawnda,I,Stuer,7422 Martin Ave #8,Toledo,OH,43607
Peggie,F,Sturiale,9 N 14th St,El Cajon,CA,92020
Gwenn,F,Suffield,3270 Dequindre Rd,Deer Park,NY,11729
Tresa,H,Sweely,22 Bridle Ln,Valley Park,MO,63088
Carmen,H,Sweigard,61304 N French Rd,Somerset,NJ,8873
Ernest,I,Syrop,94 Chase Rd,Hyattsville,MD,20785
Filiberto,H,Tawil,3882 W Congress St #799,Los Angeles,CA,90016
Virgina,F,Tegarden,755 Harbor Way,Milwaukee,WI,53226
Kerry,C,Theodorov,6916 W Main St,Sacramento,CA,95827
Hermila,I,Thyberg,1 Rancho Del Mar Shopping C,Providence,RI,2903
Loreta,H,Timenez,47857 Coney Island Ave,Clinton,MD,20735
Yvonne,H,Tjepkema,9 Waydell St,Fairfield,NJ,7004
Viva,B,Toelkes,4284 Dorigo Ln,Chicago,IL,60647
Latrice,C,Tolfree,81 Norris Ave #525,Ronkonkoma,NY,11779
Mitsue,A,Tollner,7 Eads St,Chicago,IL,60632
Whitley,H,Tomasulo,2 S 15th St,Fort Worth,TX,76107
Barrett,E,Toyama,4252 N Washington Ave #9,Kennedale,TX,76060
Lucy,H,Treston,57254 Brickell Ave #372,Worcester,MA,1602
Kristeen,H,Turinetti,70099 E North Ave,Arlington,TX,76013
Raul,H,Upthegrove,4 E Colonial Dr,La Mesa,CA,91942
Sabra,A,Uyetake,98839 Hawthorne Blvd #6101,Columbia,SC,29201
Jamal,B,Vanausdal,53075 Sw 152nd Ter #615,Monroe Township,NJ,8831
Carma,B,Vanheusen,68556 Central Hwy,San Leandro,CA,94577
Claribel,D,Varriano,6 Harry L Dr #6327,Perrysburg,OH,43551
Art,A,Venere,8 W Cerritos Ave #54,Bridgeport,NJ,8014
Stephaine,D,Vinning,3717 Hamann Industrial Pky,San Francisco,CA,94104
Lashon,F,Vizarro,433 Westminster Blvd #590,Roseville,CA,95661
Francine,A,Vocelka,366 South Dr,Las Cruces,NM,88011
Kattie,H,Vonasek,2845 Boulder Crescent St,Cleveland,OH,44103
Tammara,B,Wardrip,4800 Black Horse Pike,Burlingame,CA,94010
Kanisha,A,Waycott,5 Tomahawk Dr,Los Angeles,CA,90006
Norah,E,Waymire,6 Middlegate Rd #106,San Francisco,CA,94107
Penney,B,Weight,18 Fountain St,Anchorage,AK,99515
Daren,C,Weirather,9 N College Ave #3,Eau Claire,WI,53216
Tonette,A,Wenner,4545 Courthouse Rd,Westbury,NY,11590
Stevie,G,Westerbeck,26659 N 13th St,Costa Mesa,CA,92626
Yuki,A,Whobrey,1 State Route 27,Taylor,MI,48180
Sage,A,Wieser,5 Boston Ave #88,Sioux Falls,SD,57105
Melissa,C,Wiklund,61 13 Stoneridge #835,Findlay,OH,45840
Irma,C,Wolfgramm,9745 W Main St,Randolph,NJ,7869
Lavonna,I,Wolny,5 Cabot Rd,Mc Lean,VA,22102
Lorrine,F,Worlds,8 Fair Lawn Ave,Tampa,FL,33614
Nana,C,Wrinkles,6 Van Buren St,Mount Vernon,NY,10553
Maurine,B,Yglesias,59 Shady Ln #53,Milwaukee,WI,53214
Dierdre,C,Yum,63381 Jenks Ave,Philadelphia,PA,19134
Sheridan,C,Zane,2409 Alabama Rd,Riverside,CA,92501
Jerry,G,Zurcher,77 Massillon Rd #822,Satellite Beach,FL,32937
